’╗┐nama_bisnis,kategori,rating,jumlah_ulasan,no_telepon,website,alamat
Gym Anggi,Tempat Fitness,5.0,2,,0,"Ņāł WH5P+377, Area Sawah/Kebun, Banyuwangi, Kec. Manyar, Kabupaten Gresik, Jawa Timur 61151"
Banyuwangi Fitness Center,Pusat Kebugaran,4.5,17,6282144206665,0,"Ņāł Pantai Boom, Jl. Ikan Cucut, Kampungmandar, Kec. Banyuwangi, Kabupaten Banyuwangi, Jawa Timur"
"Wulf Gym , Pilates, Padel And Cafe Banyuwangi",Tempat Fitness,5.0,59,,0,"Ņāł RT.4/RW.5, Dusun Sumberbening, Kesilir, Kec. Siliragung, Kabupaten Banyuwangi, Jawa Timur 68488"
CAESAR FITNESS CENTER,Tempat Fitness,4.9,318,6282143993513,0,"Ņāł Jl. MH.Tamrin No.140, Pengantigan, Kec. Banyuwangi, Kabupaten Banyuwangi, Jawa Timur 68414"
MY GYM 008,Tempat Fitness,5.0,184,6282143993513,0,"Ņāł J5R6+QQP, Dusun Krajan, Genteng Wetan, Kec. Genteng, Kabupaten Banyuwangi, Jawa Timur 68465"
GMG Fitness,Pusat Kebugaran,5.0,3,6285124544358,0,"Ņāł Jl. Raya Jember, Krajan, Kedayunan, Kabat, Kabupaten Banyuwangi, Jawa Timur 68461"
Scarlet GYM,Sekolah Olahraga,4.8,15,,0,"Ņāł H57P+V4Q, Jl. Bulusari, Dusun Krajan, Jajag, Kec. Gambiran, Kabupaten Banyuwangi, Jawa Timur 68486"
Square gym center,Pusat kebugaran,4.9,10,6282117339018,0,"Ņāł Jl. Yos Sudarso, Lingkungan Sukowidi, Klatak, Kec. Kalipuro, Kabupaten Banyuwangi, Jawa Timur 68421"
D'LAROS GYM,Tempat Fitness,5.0,14,6282117339018,0,"Ņāł Gg. Cempaka No.16, RT.3RW/RW.3, Singonegaran, Kec. Banyuwangi, Kabupaten Banyuwangi, Jawa Timur 68415"
ELITE GYM,Tempat Fitness,5.0,13,6281226889643,0,"Ņāł RT.03/RW.04, Limbul Rejo, Bagorejo, Kec. Srono, Kabupaten Banyuwangi, Jawa Timur 68471"
Gelora Gym,Tempat Fitness,4.8,9,6285143839191,0,"Ņāł Q9Q3+JX6, Jl. Simpang Gajah Mada, Lingkungan Cuking Rw., Mojopanggung, Kec. Giri, Kabupaten Banyuwangi, Jawa Timur 68425"
99 JAJAG GYM,Tempat Fitness,5.0,100,6285143839191,0,"Ņāł Jl. PB Sudirman No.111b, Dusun Yosowinangun, Jajag, Kec. Gambiran, Kabupaten Banyuwangi, Jawa Timur 68486"
Gardenia Gym,Tempat Fitness,4.5,102,6282125252773,https://instagram.com/royalgymbwi?igshid=MzRlODBiNWFlZA==,"Ņāł Q955+J75, Sobo, Kec. Banyuwangi, Kabupaten Banyuwangi, Jawa Timur 68419"
Royal Gym Banyuwangi,Pusat Kebugaran,4.8,33,6282125252773,https://instagram.com/royalgymbwi?igshid=MzRlODBiNWFlZA==,"Ņāł Gg. Codot No.06, Tukangkayu, Kec. Banyuwangi, Kabupaten Banyuwangi, Jawa Timur 68418"
AMM Fitnes Center,Tempat Fitness,4.9,87,6281235114897,http://amm-fitnescenter.blogspot.com/,"Ņāł H84H+66, Dusun Krajan, Kedungrejo, Kec. Muncar, Kabupaten Banyuwangi, Jawa Timur"
Java Gym Fitness,Tempat Fitness,4.8,23,,0,"Ņāł Jl. KH. Wahid Hasyim No.41, Dusun Krajan, Genteng Kulon, Kec. Genteng, Kabupaten Banyuwangi, Jawa Timur 68465"
Mendut Sport Center,Kompleks Olahraga,4.1,698,6281358828836,0,"Ņāł Jl. Mendut Regency No.M-3, Taman Baru, Kec. Banyuwangi, Kabupaten Banyuwangi, Jawa Timur 68416"
Kekar Gym,Stadion,5.0,1,6281358828836,0,"Ņāł Jl. Morpati No.27, Penganjuran, Kec. Banyuwangi, Kabupaten Banyuwangi, Jawa Timur 68417"
Abiyyu Gym,Tempat Fitness,5.0,10,6282326018808,0,"Ņāł H6CJ+J66, Jl. Banyuwangi, Krajan, Benculuk, Kec. Cluring, Kabupaten Banyuwangi, Jawa Timur 68482"
Onyx Gym,Tempat Fitness,5.0,9,6282326018808,0,"Ņāł Jl. Tegalsari No.15, Jalen I, Setail, Kec. Genteng, Kabupaten Banyuwangi, Jawa Timur 68465"
ALMIRA BFC,Tempat Fitness,4.4,34,6281217497789,0,"Ņāł Lingkungan Jl. Gajah Mada No.30, Lingkungan Mojoroto R, Penataban, Kec. Giri, Kabupaten Banyuwangi, Jawa Timur 68422"
Sinar Gym,Tempat Fitness,4.7,6,6285748302157,0,"Ņāł M6W5+297, Dusun Klontang, Gendoh, Kec. Sempu, Kabupaten Banyuwangi, Jawa Timur 68468"
Salim Fitnes Club,Tempat Fitness,4.3,26,6282338201402,0,"Ņāł Jl. Perumahan Griya Gurit Permai No.13-14 BLOK S, Dsn. Gurit, Pengatigan, Kec. Rogojampi, Kabupaten Banyuwangi, Jawa Timur 68462"
New Papo Gym,Tempat Fitness,5.0,20,6281235452540,0,"Ņāł Jl. Brawijaya No.40, Lingkungan Cuking Rw., Mojopanggung, Kec. Giri, Kabupaten Banyuwangi, Jawa Timur 68425"
boy gym fitnes centre,Tempat Fitness,4.2,13,6281234604449,0,"Ņāł 3C73+JMQ, jalan mangaran-bimorejo bajulmati, Krajan, Bajulmati, Kec. Wongsorejo, Kabupaten Banyuwangi, Jawa Timur 68453"
Kerut Gym,Tempat Fitness,4.5,11,6281334119288,0,"Ņāł F63V+QRQ, Jalan, Curah Jati, Grajagan, Purwoharjo, Banyuwangi Regency, East Java 68483"
ABILAWA GYM,Tempat Fitness,4.5,27,,0,"Ņāł Dusun Tegalgondo, Kajarharjo, Kec. Kalibaru, Kabupaten Banyuwangi, Jawa Timur"
Rindu Gym,Tempat Fitness,4.6,14,628124951716,0,"Ņāł Dusun Tegalgondo, Kajarharjo, Kec. Kalibaru, Kabupaten Banyuwangi, Jawa Timur"
Indian Gym,Tempat Fitness,4.5,44,628124951716,0,"Ņāł Blangkon, Kebaman, Kec. Srono, Kabupaten Banyuwangi, Jawa Timur 68482"
MUSCLE GYM,Tempat Fitness,5.0,7,6282337833100,0,"Ņāł JALAN JURUSAN JAJAG, Dusun Kepatihan, Cluring, Kec. Cluring, Kabupaten Banyuwangi, Jawa Timur 68482"
Stut Gym & Studio,Tempat Fitness,5.0,6,6285607158987,0,"Ņāł Unnamed Road, Krajan, Purwoharjo, Kec. Purwoharjo, Kabupaten Banyuwangi, Jawa Timur 68483"
Zulia Gym,Tempat Fitness,4.8,37,6281233152849,0,"Ņāł G5FH+472, Unnamed Road, Taman Suruh, Bangorejo, Banyuwangi Regency, East Java 68487"
Glenfit Gym Glenmore,Gym Tinju Muay Thai,4.9,8,6281233590409,0,"Ņāł Jl. Raya Ps., Sep Wetan, Sepanjang, Kec. Glenmore, Kabupaten Banyuwangi, Jawa Timur 68466"
Laros GYM,Tempat Fitness,4.3,6,6281233152849,0,"Ņāł G6FH+R63, Jalan puskesmas purwoharjo , daerah perumahan, Krajan, Purwoharjo, Kec. Purwoharjo, Kabupaten Banyuwangi, Jawa Timur 68483"
KEBOLAJER GYM,Tempat Fitness,4.9,14,,0,"Ņāł J5X4+2PR, Dusun Krajan, Genteng Wetan, Kec. Genteng, Kabupaten Banyuwangi, Jawa Timur 68465"
Wall Climbing FPTI Banyuwangi,Tempat Fitness,5.0,3,,0,"Ņāł Q9Q2+9VW, Lingkungan Cuking Rw., Mojopanggung, Kec. Giri, Kabupaten Banyuwangi, Jawa Timur 68425"
WA GYM,Tempat Fitness,4.5,2,,0,"Ņāł G9F3+H6X, Dusun Krajan, Wringin Putih, Kec. Muncar, Kabupaten Banyuwangi, Jawa Timur 68472"
Arysta Gym,Tempat Fitness,4.5,35,,https://www.ob-fit.com/,"Ņāł M7RX+G4W, Pancoran Kulon, Rogojampi, Kec. Rogojampi, Kabupaten Banyuwangi, Jawa Timur 68462"
OB Fitness Health - Banyuwangi,Toko,5.0,2,628164711020,https://www.ob-fit.com/,"Ņāł Jl. Jend. Sudirman No.85, Panderejo, Kec. Banyuwangi, Kabupaten Banyuwangi, Jawa Timur 68415"
Indian Gym 3,Program Kebugaran Fisik,4.3,3,,0,"Ņāł Selatan apotik merah kearah barat, Jl. Ikan Tongkol No.rt 05/01, Palurejo, Sumbersewu, Kabupaten Banyuwangi, Jawa Timur 68472"
Komang Gym,Tempat Fitness,4.0,49,,0,"Ņāł M4XM+3HV, Jl. Sumberwadung, Tugung, Sempu, Kec. Sempu, Kabupaten Banyuwangi, Jawa Timur 68468"
HERO GYM,Tempat Fitness,4.4,15,,0,"Ņāł Jl. Srawet Indah No.184, Kebonrejo, Kebondalem, Kec. Bangorejo, Kabupaten Banyuwangi, Jawa Timur 68487"
